mmsi,geojson,dt_pos_utc
325124800,"{""type"": ""FeatureCollection"", ""features"": [{""type"": ""Feature"", ""properties"": {}, ""geometry"": {""type"": ""LineString"", ""coordinates"": [[103.8583333, 1.185, 0, 1648918500], [103.8713883, 1.19088, 0, 1648918680], [103.8766667, 1.19333333, 0, 1648918800], [103.8914433, 1.199195, 0, 1648919040]]}}]}",4/2/2022 23:55
412329638,"{""type"": ""FeatureCollection"", ""features"": [{""type"": ""Feature"", ""properties"": {}, ""geometry"": {""type"": ""LineString"", ""coordinates"": [[103.8589833, 1.18679, 0, 1651923240], [103.8817717, 1.19550167, 0, 1651923960], [103.907685, 1.20807, 0, 1651924560]]}}]}",5/7/2022 18:34
412329643,"{""type"": ""FeatureCollection"", ""features"": [{""type"": ""Feature"", ""properties"": {}, ""geometry"": {""type"": ""LineString"", ""coordinates"": [[103.8616667, 1.18666667, 0, 1658293920], [103.87, 1.19, 0, 1658294100], [103.8866667, 1.19833333, 0, 1658294460], [103.8976267, 1.204585, 0, 1658294700]]}}]}",7/20/2022 12:12
412329644,"{""type"": ""FeatureCollection"", ""features"": [{""type"": ""Feature"", ""properties"": {}, ""geometry"": {""type"": ""LineString"", ""coordinates"": [[103.855, 1.18166667, 0, 1658276400], [103.8751467, 1.19153667, 0, 1658276820], [103.8866667, 1.19666667, 0, 1658277120], [103.9022, 1.2028, 0, 1658277360]]}}]}",7/20/2022 7:20
412331014,"{""type"": ""FeatureCollection"", ""features"": [{""type"": ""Feature"", ""properties"": {}, ""geometry"": {""type"": ""LineString"", ""coordinates"": [[103.865, 1.18833333, 0, 1657827120], [103.8716667, 1.19, 0, 1657827300], [103.885, 1.195, 0, 1657827660], [103.8916667, 1.19833333, 0, 1657827840]]}}]}",7/15/2022 2:32
412336831,"{""type"": ""FeatureCollection"", ""features"": [{""type"": ""Feature"", ""properties"": {}, ""geometry"": {""type"": ""LineString"", ""coordinates"": [[103.8666667, 1.18666667, 0, 1650331200], [103.87028, 1.19004333, 0, 1650331320], [103.88, 1.195, 0, 1650331560], [103.895, 1.2, 0, 1650331920], [103.86, 1.18333333, 0, 1669730700], [103.87054, 1.18866833, 0, 1669730940], [103.8886067, 1.197865, 0, 1669731420]]}}]}",4/19/2022 8:20
412418000,"{""type"": ""FeatureCollection"", ""features"": [{""type"": ""Feature"", ""properties"": {}, ""geometry"": {""type"": ""LineString"", ""coordinates"": [[104.09902, -0.88913, 0, 1663870200], [104.085, -0.88666667, 0, 1663870860], [104.085, -0.88666667, 0, 1663871580], [104.085, -0.885, 0, 1663871940], [104.085, -0.885, 0, 1663872120], [104.0833333, -0.885, 0, 1663872300], [104.0833333, -0.885, 0, 1663872480], [104.0833333, -0.88333333, 0, 1663872660], [104.0816667, -0.88333333, 0, 1663873200], [104.0816667, -0.885, 0, 1663873740], [104.0933333, -0.89333333, 0, 1663988040], [104.0966667, -0.89333333, 0, 1663988220]]}}]}",9/23/2022 1:10
412440494,"{""type"": ""FeatureCollection"", ""features"": [{""type"": ""Feature"", ""properties"": {}, ""geometry"": {""type"": ""LineString"", ""coordinates"": [[103.8668333, 1.18871667, 0, 1653091140], [103.87466, 1.19153833, 0, 1653091380], [103.9916667, 1.23833333, 0, 1653094440]]}}]}",5/21/2022 6:59
412440516,"{""type"": ""FeatureCollection"", ""features"": [{""type"": ""Feature"", ""properties"": {}, ""geometry"": {""type"": ""LineString"", ""coordinates"": [[103.8461783, 1.17792, 0, 1654279800], [103.87424, 1.18923333, 0, 1654280460], [103.8992133, 1.20044333, 0, 1654281120]]}}]}",6/4/2022 1:10
412440555,"{""type"": ""FeatureCollection"", ""features"": [{""type"": ""Feature"", ""properties"": {}, ""geometry"": {""type"": ""LineString"", ""coordinates"": [[103.8683333, 1.19166667, 0, 1657604760], [103.8774617, 1.19789167, 0, 1657605000], [103.8816667, 1.2, 0, 1657605120]]}}]}",7/12/2022 12:46
412440659,"{""type"": ""FeatureCollection"", ""features"": [{""type"": ""Feature"", ""properties"": {}, ""geometry"": {""type"": ""LineString"", ""coordinates"": [[103.865, 1.18833333, 0, 1656883620], [103.8733333, 1.19166667, 0, 1656883800], [103.88262, 1.19625, 0, 1656883980], [103.90726, 1.20723833, 0, 1656884580]]}}]}",7/4/2022 4:27
412440691,"{""type"": ""FeatureCollection"", ""features"": [{""type"": ""Feature"", ""properties"": {}, ""geometry"": {""type"": ""LineString"", ""coordinates"": [[103.8083067, 1.16484667, 0, 1656965820], [103.87, 1.19, 0, 1656967140], [103.8783333, 1.19333333, 0, 1656967320], [103.9221533, 1.21162833, 0, 1656968160]]}}]}",7/5/2022 3:17
412440692,"{""type"": ""FeatureCollection"", ""features"": [{""type"": ""Feature"", ""properties"": {}, ""geometry"": {""type"": ""LineString"", ""coordinates"": [[103.865, 1.19, 0, 1656966300], [103.8756067, 1.194295, 0, 1656966480], [103.8933333, 1.20166667, 0, 1656966840]]}}]}",7/5/2022 3:25
412440783,"{""type"": ""FeatureCollection"", ""features"": [{""type"": ""Feature"", ""properties"": {}, ""geometry"": {""type"": ""LineString"", ""coordinates"": [[103.8583333, 1.18333333, 0, 1654330440], [103.87562, 1.19168167, 0, 1654330920], [103.8916667, 1.19666667, 0, 1654331340], [103.9127133, 1.20599667, 0, 1654331880]]}}]}",6/4/2022 15:14
412440798,"{""type"": ""FeatureCollection"", ""features"": [{""type"": ""Feature"", ""properties"": {}, ""geometry"": {""type"": ""LineString"", ""coordinates"": [[103.865, 1.19333333, 0, 1653290520], [103.875, 1.19833333, 0, 1653290880], [103.88392, 1.20343333, 0, 1653291180]]}}]}",5/23/2022 14:22
412440818,"{""type"": ""FeatureCollection"", ""features"": [{""type"": ""Feature"", ""properties"": {}, ""geometry"": {""type"": ""LineString"", ""coordinates"": [[103.86996, 1.192435, 0, 1654329660], [103.8735733, 1.19351833, 0, 1654329720], [103.885, 1.195, 0, 1654330080], [103.8916667, 1.19833333, 0, 1654330260]]}}]}",6/4/2022 15:01
412440819,"{""type"": ""FeatureCollection"", ""features"": [{""type"": ""Feature"", ""properties"": {}, ""geometry"": {""type"": ""LineString"", ""coordinates"": [[103.8667, 1.18687667, 0, 1654336800], [103.8833333, 1.19333333, 0, 1654337220], [103.8927267, 1.19827833, 0, 1654337460]]}}]}",6/4/2022 17:00
412465012,"{""type"": ""FeatureCollection"", ""features"": [{""type"": ""Feature"", ""properties"": {}, ""geometry"": {""type"": ""LineString"", ""coordinates"": [[103.8668133, 1.18696167, 0, 1658077980], [103.8769867, 1.19168333, 0, 1658078160], [103.885, 1.195, 0, 1658078280], [103.895, 1.2, 0, 1658078460]]}}]}",7/18/2022 0:13
412465014,"{""type"": ""FeatureCollection"", ""features"": [{""type"": ""Feature"", ""properties"": {}, ""geometry"": {""type"": ""LineString"", ""coordinates"": [[103.5566267, 1.104145, 0, 1658067540], [103.87928, 1.19556167, 0, 1658074080], [103.9153333, 1.21052333, 0, 1658074680]]}}]}",7/17/2022 21:19
412549128,"{""type"": ""FeatureCollection"", ""features"": [{""type"": ""Feature"", ""properties"": {}, ""geometry"": {""type"": ""LineString"", ""coordinates"": [[103.8666867, 1.188895, 0, 1653337740], [103.8812667, 1.195825, 0, 1653337980], [103.9037933, 1.20438667, 0, 1653338460]]}}]}",5/24/2022 3:29
412549187,"{""type"": ""FeatureCollection"", ""features"": [{""type"": ""Feature"", ""properties"": {}, ""geometry"": {""type"": ""LineString"", ""coordinates"": [[103.8599933, 1.18991667, 0, 1653137880], [103.88444, 1.198245, 0, 1653138420], [103.89424, 1.20227333, 0, 1653138600]]}}]}",5/21/2022 19:58
412549191,"{""type"": ""FeatureCollection"", ""features"": [{""type"": ""Feature"", ""properties"": {}, ""geometry"": {""type"": ""LineString"", ""coordinates"": [[103.8712933, 1.193605, 0, 1653176280], [103.8833333, 1.195, 0, 1653176580], [103.89, 1.19666667, 0, 1653176760]]}}]}",5/22/2022 6:38
412549211,"{""type"": ""FeatureCollection"", ""features"": [{""type"": ""Feature"", ""properties"": {}, ""geometry"": {""type"": ""LineString"", ""coordinates"": [[103.8665733, 1.18992167, 0, 1653274440], [103.8766667, 1.19333333, 0, 1653274800], [103.88508, 1.19779333, 0, 1653275040], [103.895, 1.20166667, 0, 1653275340]]}}]}",5/23/2022 9:54
412549213,"{""type"": ""FeatureCollection"", ""features"": [{""type"": ""Feature"", ""properties"": {}, ""geometry"": {""type"": ""LineString"", ""coordinates"": [[103.8565467, 1.18320667, 0, 1653228240], [103.87, 1.18833333, 0, 1653228540], [103.8866667, 1.19666667, 0, 1653228900], [103.895, 1.20166667, 0, 1653229080]]}}]}",5/22/2022 21:04
412549292,"{""type"": ""FeatureCollection"", ""features"": [{""type"": ""Feature"", ""properties"": {}, ""geometry"": {""type"": ""LineString"", ""coordinates"": [[103.8616667, 1.18333333, 0, 1651254240], [103.8716667, 1.18833333, 0, 1651254420], [103.88, 1.19333333, 0, 1651254600], [103.8932333, 1.198715, 0, 1651254840]]}}]}",4/30/2022 0:44
412695690,"{""type"": ""FeatureCollection"", ""features"": [{""type"": ""Feature"", ""properties"": {}, ""geometry"": {""type"": ""LineString"", ""coordinates"": [[103.82443, 1.17182833, 0, 1656126780], [103.8733417, 1.19045667, 0, 1656128340], [103.897855, 1.201145, 0, 1656129000]]}}]}",6/25/2022 10:13
416004729,"{""type"": ""FeatureCollection"", ""features"": [{""type"": ""Feature"", ""properties"": {}, ""geometry"": {""type"": ""LineString"", ""coordinates"": [[103.8305733, 1.17382, 0, 1654351380], [103.8734533, 1.19150167, 0, 1654351980], [103.8787733, 1.19404, 0, 1654352040], [103.914175, 1.20779167, 0, 1654352580]]}}]}",6/4/2022 21:03
416004775,"{""type"": ""FeatureCollection"", ""features"": [{""type"": ""Feature"", ""properties"": {}, ""geometry"": {""type"": ""LineString"", ""coordinates"": [[103.86916, 1.191455, 0, 1654129680], [103.8814467, 1.19665, 0, 1654129920], [103.89956, 1.205155, 0, 1654130280]]}}]}",6/2/2022 7:28
416004853,"{""type"": ""FeatureCollection"", ""features"": [{""type"": ""Feature"", ""properties"": {}, ""geometry"": {""type"": ""LineString"", ""coordinates"": [[103.84224, 1.17955667, 0, 1653557340], [103.88052, 1.19609667, 0, 1653557940], [103.89216, 1.20087833, 0, 1653558120]]}}]}",5/26/2022 16:29
416004857,"{""type"": ""FeatureCollection"", ""features"": [{""type"": ""Feature"", ""properties"": {}, ""geometry"": {""type"": ""LineString"", ""coordinates"": [[103.86, 1.18333333, 0, 1653267420], [103.88, 1.19, 0, 1653267780], [103.89, 1.19333333, 0, 1653267960], [103.9, 1.2, 0, 1653268140]]}}]}",5/23/2022 7:57
416004892,"{""type"": ""FeatureCollection"", ""features"": [{""type"": ""Feature"", ""properties"": {}, ""geometry"": {""type"": ""LineString"", ""coordinates"": [[103.8636317, 1.18928833, 0, 1654075740], [103.8816667, 1.19333333, 0, 1654076040], [103.8896467, 1.19730833, 0, 1654076160]]}}]}",6/1/2022 16:29
416004981,"{""type"": ""FeatureCollection"", ""features"": [{""type"": ""Feature"", ""properties"": {}, ""geometry"": {""type"": ""LineString"", ""coordinates"": [[103.8614267, 1.186755, 0, 1654061280], [103.875, 1.19333333, 0, 1654061580], [103.8916667, 1.2, 0, 1654061940]]}}]}",6/1/2022 12:28
416005575,"{""type"": ""FeatureCollection"", ""features"": [{""type"": ""Feature"", ""properties"": {}, ""geometry"": {""type"": ""LineString"", ""coordinates"": [[103.86268, 1.18804333, 0, 1654420440], [103.8733333, 1.19166667, 0, 1654420620], [103.8816667, 1.195, 0, 1654420800], [103.8989133, 1.20029333, 0, 1654421100]]}}]}",6/5/2022 16:14
416005723,"{""type"": ""FeatureCollection"", ""features"": [{""type"": ""Feature"", ""properties"": {}, ""geometry"": {""type"": ""LineString"", ""coordinates"": [[103.83718, 1.17865, 0, 1653815520], [103.8785533, 1.19467667, 0, 1653816120], [103.9150917, 1.21837333, 0, 1653816720]]}}]}",5/29/2022 16:12
416005846,"{""type"": ""FeatureCollection"", ""features"": [{""type"": ""Feature"", ""properties"": {}, ""geometry"": {""type"": ""LineString"", ""coordinates"": [[103.8477267, 1.179435, 0, 1653162180], [103.8683333, 1.19, 0, 1653162480], [103.88918, 1.20015, 0, 1653162780]]}}]}",5/22/2022 2:43
416005931,"{""type"": ""FeatureCollection"", ""features"": [{""type"": ""Feature"", ""properties"": {}, ""geometry"": {""type"": ""LineString"", ""coordinates"": [[103.83954, 1.17595833, 0, 1654093560], [103.8687067, 1.18739833, 0, 1654093980], [103.88304, 1.19364667, 0, 1654094160], [103.9239933, 1.21204667, 0, 1654094820]]}}]}",6/1/2022 21:26
416005995,"{""type"": ""FeatureCollection"", ""features"": [{""type"": ""Feature"", ""properties"": {}, ""geometry"": {""type"": ""LineString"", ""coordinates"": [[103.8552267, 1.18650333, 0, 1653407880], [103.8759933, 1.19501667, 0, 1653408240], [103.89092, 1.20091833, 0, 1653408480]]}}]}",5/24/2022 22:58
416006763,"{""type"": ""FeatureCollection"", ""features"": [{""type"": ""Feature"", ""properties"": {}, ""geometry"": {""type"": ""LineString"", ""coordinates"": [[103.8633333, 1.18666667, 0, 1653558660], [103.875, 1.19166667, 0, 1653558840], [103.89185, 1.20071167, 0, 1653559080]]}}]}",5/26/2022 16:51
416071500,"{""type"": ""FeatureCollection"", ""features"": [{""type"": ""Feature"", ""properties"": {}, ""geometry"": {""type"": ""LineString"", ""coordinates"": [[103.87048, 1.19228333, 0, 1656697200], [103.88, 1.19666667, 0, 1656697380], [103.8883333, 1.2, 0, 1656697560]]}}]}",7/2/2022 0:40
416136900,"{""type"": ""FeatureCollection"", ""features"": [{""type"": ""Feature"", ""properties"": {}, ""geometry"": {""type"": ""LineString"", ""coordinates"": [[103.87126, 1.19259833, 0, 1643492640], [103.8873533, 1.19736667, 0, 1643492940], [103.9033867, 1.20227333, 0, 1643493240]]}}]}",1/30/2022 4:44
416164900,"{""type"": ""FeatureCollection"", ""features"": [{""type"": ""Feature"", ""properties"": {}, ""geometry"": {""type"": ""LineString"", ""coordinates"": [[103.8424, 1.17727167, 0, 1655401680], [103.8826567, 1.19300333, 0, 1655402280], [103.918055, 1.21158, 0, 1655402880]]}}]}",6/17/2022 0:48
416174500,"{""type"": ""FeatureCollection"", ""features"": [{""type"": ""Feature"", ""properties"": {}, ""geometry"": {""type"": ""LineString"", ""coordinates"": [[103.8711267, 1.19311833, 0, 1658660520], [103.8733333, 1.19333333, 0, 1658660580], [103.885, 1.2, 0, 1658660760]]}}]}",7/24/2022 18:02
416236500,"{""type"": ""FeatureCollection"", ""features"": [{""type"": ""Feature"", ""properties"": {}, ""geometry"": {""type"": ""LineString"", ""coordinates"": [[103.8666667, 1.19, 0, 1653557460], [103.8783333, 1.195, 0, 1653557640], [103.8956067, 1.20279167, 0, 1653557880]]}}]}",5/26/2022 16:31
416251900,"{""type"": ""FeatureCollection"", ""features"": [{""type"": ""Feature"", ""properties"": {}, ""geometry"": {""type"": ""LineString"", ""coordinates"": [[103.865, 1.18666667, 0, 1654489080], [103.8733333, 1.19166667, 0, 1654489260], [103.8816667, 1.19666667, 0, 1654489440], [103.89, 1.20333333, 0, 1654489620]]}}]}",6/6/2022 11:18
416252900,"{""type"": ""FeatureCollection"", ""features"": [{""type"": ""Feature"", ""properties"": {}, ""geometry"": {""type"": ""LineString"", ""coordinates"": [[103.8644533, 1.190145, 0, 1653181320], [103.8733633, 1.19184167, 0, 1653181500], [103.8866667, 1.19666667, 0, 1653181740], [103.8991333, 1.20212833, 0, 1653181920]]}}]}",5/22/2022 8:02
416308000,"{""type"": ""FeatureCollection"", ""features"": [{""type"": ""Feature"", ""properties"": {}, ""geometry"": {""type"": ""LineString"", ""coordinates"": [[103.87, 1.19166667, 0, 1642586640], [103.8766667, 1.195, 0, 1642586820], [103.8901517, 1.20260667, 0, 1642587120], [103.8616667, 1.18666667, 0, 1661970420], [103.87437, 1.19348, 0, 1661970600], [103.88, 1.195, 0, 1661970780], [103.8940333, 1.20160833, 0, 1661971020], [103.8583333, 1.18666667, 0, 1670617860], [103.8786517, 1.19418833, 0, 1670618280], [103.907535, 1.20672167, 0, 1670618880]]}}]}",1/19/2022 17:04
416312000,"{""type"": ""FeatureCollection"", ""features"": [{""type"": ""Feature"", ""properties"": {}, ""geometry"": {""type"": ""LineString"", ""coordinates"": [[103.8625167, 1.18516667, 0, 1658391060], [103.8705833, 1.18865, 0, 1658391240], [103.8766667, 1.19, 0, 1658391360], [103.9017333, 1.20301667, 0, 1658391780]]}}]}",7/21/2022 15:11
416803000,"{""type"": ""FeatureCollection"", ""features"": [{""type"": ""Feature"", ""properties"": {}, ""geometry"": {""type"": ""LineString"", ""coordinates"": [[103.8643867, 1.18866833, 0, 1656174780], [103.8693317, 1.19094, 0, 1656174900], [103.8925583, 1.20104, 0, 1656175440]]}}]}",6/25/2022 23:33
431037000,"{""type"": ""FeatureCollection"", ""features"": [{""type"": ""Feature"", ""properties"": {}, ""geometry"": {""type"": ""LineString"", ""coordinates"": [[115.2462817, -8.76630833, 0, 1641245880], [115.24601, -8.76334833, 0, 1641256560], [115.25495, -8.767875, 0, 1641259020], [115.2494333, -8.77210833, 0, 1649261220], [115.24401, -8.75923167, 0, 1649261940], [115.2420367, -8.75499167, 0, 1649291820], [115.2552767, -8.76943333, 0, 1649292360]]}}]}",1/4/2022 4:38
431047000,"{""type"": ""FeatureCollection"", ""features"": [{""type"": ""Feature"", ""properties"": {}, ""geometry"": {""type"": ""LineString"", ""coordinates"": [[115.2483333, -8.76333333, 0, 1652032920], [115.245, -8.76333333, 0, 1652049120], [115.25, -8.76666667, 0, 1652049300], [115.2516667, -8.76166667, 0, 1658356980], [115.2466667, -8.76, 0, 1658357160], [115.245, -8.75333333, 0, 1658449680], [115.2666667, -8.75833333, 0, 1658450220]]}}]}",5/9/2022 1:02
431055000,"{""type"": ""FeatureCollection"", ""features"": [{""type"": ""Feature"", ""properties"": {}, ""geometry"": {""type"": ""LineString"", ""coordinates"": [[115.2516667, -8.76, 0, 1655998140], [115.2466667, -8.75833333, 0, 1655998860], [115.2433333, -8.76333333, 0, 1656007320], [115.2453217, -8.76466333, 0, 1656007380], [115.2466667, -8.76333333, 0, 1656007500], [115.2516667, -8.765, 0, 1656007680], [115.2433333, -8.765, 0, 1656009840], [115.2383333, -8.77, 0, 1656018840], [115.2516667, -8.78, 0, 1656019200], [105.935, -6.015, 0, 1665836460], [105.9366667, -6.015, 0, 1666117620], [105.9366667, -6.015, 0, 1666117800], [105.9312733, -6.01842, 0, 1666117980], [105.925, -6.02, 0, 1666118160], [105.89, -6.03833333, 0, 1666119060], [105.8816667, -6.04166667, 0, 1666119240]]}}]}",6/23/2022 22:29
431067000,"{""type"": ""FeatureCollection"", ""features"": [{""type"": ""Feature"", ""properties"": {}, ""geometry"": {""type"": ""LineString"", ""coordinates"": [[115.2483333, -8.76333333, 0, 1662478620], [115.245, -8.76, 0, 1662480600], [115.2483333, -8.75833333, 0, 1662512820], [115.255, -8.76, 0, 1662513000]]}}]}",9/6/2022 22:37
431092000,"{""type"": ""FeatureCollection"", ""features"": [{""type"": ""Feature"", ""properties"": {}, ""geometry"": {""type"": ""LineString"", ""coordinates"": [[115.259535, -8.78486167, 0, 1652113560], [115.2473183, -8.76192, 0, 1652138220], [115.25097, -8.764875, 0, 1652138400], [115.3205783, -8.92601333, 0, 1658239260], [115.23864, -8.760605, 0, 1658262900], [115.2456133, -8.76726667, 0, 1658263260], [105.9334483, -6.01406, 0, 1666194540], [105.9435933, -6.01089167, 0, 1666194900], [105.93694, -6.01400667, 0, 1666204260], [105.9307133, -6.015485, 0, 1666204500], [105.9133133, -6.02041333, 0, 1666205040], [105.905325, -6.02292833, 0, 1666205220], [105.8859967, -6.02529, 0, 1666205580]]}}]}",5/9/2022 23:26
431154000,"{""type"": ""FeatureCollection"", ""features"": [{""type"": ""Feature"", ""properties"": {}, ""geometry"": {""type"": ""LineString"", ""coordinates"": [[115.2465167, -8.76521667, 0, 1664903220], [115.2448167, -8.75931667, 0, 1664903820], [115.24475, -8.76346667, 0, 1664905380], [115.2454833, -8.76593333, 0, 1664905980], [115.2436167, -8.769, 0, 1664908980], [115.2467833, -8.76575, 0, 1664909280]]}}]}",10/5/2022 0:07
431206000,"{""type"": ""FeatureCollection"", ""features"": [{""type"": ""Feature"", ""properties"": {}, ""geometry"": {""type"": ""LineString"", ""coordinates"": [[115.24905, -8.77608333, 0, 1663260300], [115.2466667, -8.77166667, 0, 1663260480], [115.2481833, -8.77021667, 0, 1663260540], [115.2457333, -8.76888333, 0, 1663262520], [115.2450333, -8.76938333, 0, 1663262700], [115.2413, -8.78028333, 0, 1663266780], [115.2424333, -8.78101667, 0, 1663266840], [115.245, -8.78666667, 0, 1663271640], [115.2451, -8.77636667, 0, 1663272060], [115.2436833, -8.77288333, 0, 1663273020], [115.2458667, -8.76646667, 0, 1663273200]]}}]}",9/15/2022 23:45
431251000,"{""type"": ""FeatureCollection"", ""features"": [{""type"": ""Feature"", ""properties"": {}, ""geometry"": {""type"": ""LineString"", ""coordinates"": [[115.2533333, -8.75, 0, 1645545300], [115.245, -8.75, 0, 1645545480], [115.2411833, -8.76308333, 0, 1645553880], [115.25, -8.765, 0, 1645558440], [115.2483333, -8.765, 0, 1645558800], [115.24, -8.76, 0, 1645559160], [115.245, -8.76166667, 0, 1645562400], [115.255, -8.76333333, 0, 1645562580]]}}]}",2/22/2022 22:55
431448000,"{""type"": ""FeatureCollection"", ""features"": [{""type"": ""Feature"", ""properties"": {}, ""geometry"": {""type"": ""LineString"", ""coordinates"": [[115.2628433, -8.76638667, 0, 1646673000], [115.2415017, -8.76135833, 0, 1646674020], [115.24432, -8.760165, 0, 1646675160], [115.2625083, -8.78166833, 0, 1646678220], [115.26128, -8.78490167, 0, 1646684220], [115.24271, -8.756145, 0, 1646685420], [115.2640267, -8.76768833, 0, 1646686800], [105.9308617, -5.99610333, 0, 1664731620], [105.9391067, -6.00156667, 0, 1664732160], [105.9430833, -6.00425333, 0, 1664732760], [105.9367717, -6.0091, 0, 1664734020]]}}]}",3/8/2022 0:10
431610000,"{""type"": ""FeatureCollection"", ""features"": [{""type"": ""Feature"", ""properties"": {}, ""geometry"": {""type"": ""LineString"", ""coordinates"": [[115.2541817, -8.756315, 0, 1650831660], [115.243305, -8.75515833, 0, 1650832260], [115.22972, -8.75552667, 0, 1650924780], [115.27084, -8.76836, 0, 1650925920]]}}]}",4/25/2022 3:21
431629000,"{""type"": ""FeatureCollection"", ""features"": [{""type"": ""Feature"", ""properties"": {}, ""geometry"": {""type"": ""LineString"", ""coordinates"": [[115.246885, -8.76533667, 0, 1647969960], [115.23979, -8.75755, 0, 1647973620], [115.2528883, -8.75434333, 0, 1647976380]]}}]}",3/23/2022 0:26
431700260,"{""type"": ""FeatureCollection"", ""features"": [{""type"": ""Feature"", ""properties"": {}, ""geometry"": {""type"": ""LineString"", ""coordinates"": [[115.24597, -8.76820333, 0, 1656520440], [115.2435733, -8.76315333, 0, 1656520980], [115.2135967, -8.74368333, 0, 1656525780], [115.2513583, -8.76822167, 0, 1656547560], [115.2459633, -8.766645, 0, 1662819000], [115.243675, -8.76916667, 0, 1662819660], [115.245355, -8.76875333, 0, 1662819780], [115.249315, -8.76457833, 0, 1662826560], [115.248955, -8.76023667, 0, 1662827100], [115.2481183, -8.75545667, 0, 1662827640], [115.2469233, -8.7554, 0, 1662828120], [115.2454683, -8.75549333, 0, 1662828720], [115.2157583, -8.74923167, 0, 1662831480], [115.3175683, -8.79702167, 0, 1662860280]]}}]}",6/29/2022 23:34
431700550,"{""type"": ""FeatureCollection"", ""features"": [{""type"": ""Feature"", ""properties"": {}, ""geometry"": {""type"": ""LineString"", ""coordinates"": [[115.2511667, -8.77333333, 0, 1660844340], [115.2396667, -8.761, 0, 1660847820], [115.2378333, -8.75466667, 0, 1660939440], [115.2593333, -8.7835, 0, 1660940640]]}}]}",8/19/2022 0:39
431700560,"{""type"": ""FeatureCollection"", ""features"": [{""type"": ""Feature"", ""properties"": {}, ""geometry"": {""type"": ""LineString"", ""coordinates"": [[115.2479433, -8.77542333, 0, 1656000840], [115.2413567, -8.77564667, 0, 1656002460], [115.2496433, -8.76903167, 0, 1656003360], [115.2478767, -8.76925667, 0, 1656003660], [115.2430667, -8.77188833, 0, 1656004560], [115.2327517, -8.75521, 0, 1656092280], [115.250885, -8.79862, 0, 1656093540]]}}]}",6/23/2022 23:14
431700980,"{""type"": ""FeatureCollection"", ""features"": [{""type"": ""Feature"", ""properties"": {}, ""geometry"": {""type"": ""LineString"", ""coordinates"": [[115.2729, -8.78066667, 0, 1644339120], [115.2440167, -8.76921667, 0, 1644342540], [115.2438333, -8.76505, 0, 1644354720], [115.25785, -8.768, 0, 1644357300], [105.9287333, -5.99133333, 0, 1657385520], [105.9379, -5.99393333, 0, 1657387620], [105.94105, -5.9906, 0, 1657388220], [105.8579, -6.02756667, 0, 1657390920]]}}]}",2/8/2022 23:52
431791000,"{""type"": ""FeatureCollection"", ""features"": [{""type"": ""Feature"", ""properties"": {}, ""geometry"": {""type"": ""LineString"", ""coordinates"": [[115.3718833, -8.81966833, 0, 1647174360], [115.2440233, -8.760995, 0, 1647202020], [18.12662667, -33.880795, 0, 1648923840]]}}]}",3/13/2022 19:26
431853000,"{""type"": ""FeatureCollection"", ""features"": [{""type"": ""Feature"", ""properties"": {}, ""geometry"": {""type"": ""LineString"", ""coordinates"": [[115.255, -8.755, 0, 1654972740], [115.2133333, -8.745, 0, 1654974720], [115.2116667, -8.74333333, 0, 1655488500], [112.2133333, -14.87333333, 0, 1655670480], [115.25, -8.76166667, 0, 1664126760], [115.2483333, -8.76166667, 0, 1664126940], [115.2116667, -8.74333333, 0, 1664398200], [107.73, -8.63833333, 0, 1664558400], [115.2583333, -8.75333333, 0, 1669205580], [115.2416667, -8.76, 0, 1669206660], [115.2116667, -8.74833333, 0, 1669320600], [116.905, -5.88, 0, 1669389000]]}}]}",6/12/2022 1:39
432226000,"{""type"": ""FeatureCollection"", ""features"": [{""type"": ""Feature"", ""properties"": {}, ""geometry"": {""type"": ""LineString"", ""coordinates"": [[115.24565, -8.76483333, 0, 1663693320], [115.24355, -8.7648, 0, 1663694280], [115.2415833, -8.76496667, 0, 1663696440], [115.2448667, -8.76586667, 0, 1663696560], [115.2418833, -8.76991667, 0, 1663697760], [115.2441667, -8.76775, 0, 1663697940], [115.24675, -8.76668333, 0, 1663698120], [115.2426333, -8.7695, 0, 1663699500], [115.24455, -8.76535, 0, 1663699800], [115.24485, -8.76443333, 0, 1663699860], [115.2417, -8.76458333, 0, 1663702380], [115.24375, -8.76643333, 0, 1663702500], [115.2445833, -8.76685, 0, 1663702560], [115.2453, -8.76523333, 0, 1663703700], [115.2439333, -8.76618333, 0, 1663703880], [115.2441, -8.77548333, 0, 1663706640], [115.2512167, -8.78016667, 0, 1663706880], [115.2555783, -8.77054667, 0, 1671468660], [115.2445867, -8.76262, 0, 1671470220], [115.24118, -8.766535, 0, 1671478800], [115.2690683, -8.862605, 0, 1671481680]]}}]}",9/21/2022 0:02
432282000,"{""type"": ""FeatureCollection"", ""features"": [{""type"": ""Feature"", ""properties"": {}, ""geometry"": {""type"": ""LineString"", ""coordinates"": [[115.2559167, -8.7641, 0, 1647292200], [115.2432167, -8.75716667, 0, 1647292800], [115.2472, -8.76, 0, 1647303360], [115.2617167, -8.761, 0, 1647303600], [115.2695167, -8.7696, 0, 1654273560], [115.2443167, -8.75928333, 0, 1654277220], [115.2139167, -8.74325, 0, 1654283460], [115.2500167, -8.75358333, 0, 1654305060]]}}]}",3/15/2022 4:10
432298000,"{""type"": ""FeatureCollection"", ""features"": [{""type"": ""Feature"", ""properties"": {}, ""geometry"": {""type"": ""LineString"", ""coordinates"": [[115.2925, -8.77866667, 0, 1641142440], [115.243, -8.753, 0, 1641144720], [115.2443333, -8.7535, 0, 1641150780], [115.2468333, -8.751, 0, 1641151140], [115.248, -8.74966667, 0, 1641151380], [115.2376667, -8.7555, 0, 1641152340], [115.2401667, -8.7585, 0, 1641154080], [115.2565, -8.77633333, 0, 1641154680]]}}]}",1/2/2022 23:54
432353000,"{""type"": ""FeatureCollection"", ""features"": [{""type"": ""Feature"", ""properties"": {}, ""geometry"": {""type"": ""LineString"", ""coordinates"": [[105.885, -6.03666667, 0, 1645804680], [105.8883333, -6.035, 0, 1645804860], [105.9016667, -6.03, 0, 1645805400], [105.9266667, -6.01666667, 0, 1645806300], [105.9366667, -6.01166667, 0, 1645809720], [105.9416667, -6.01, 0, 1645809900], [105.9416667, -6.01, 0, 1645816740], [105.9298417, -6.01998333, 0, 1645816980], [105.925, -6.02166667, 0, 1645817100], [105.8883017, -6.04737667, 0, 1645817820], [105.88, -6.05166667, 0, 1645818000], [115.2516667, -8.765, 0, 1654894080], [115.2466667, -8.76333333, 0, 1654894260], [115.2466017, -8.76380333, 0, 1654894320], [115.245, -8.76166667, 0, 1654894440], [115.2416667, -8.76, 0, 1654905060], [115.245, -8.76666667, 0, 1654905600], [115.2466667, -8.77833333, 0, 1656431460], [115.245, -8.775, 0, 1656431640], [115.245, -8.77166667, 0, 1656431820], [115.245, -8.76833333, 0, 1656432180], [115.2433333, -8.76666667, 0, 1656432900], [115.245, -8.76833333, 0, 1656433800], [115.2433333, -8.765, 0, 1656433980], [115.2383333, -8.75333333, 0, 1656461880], [115.2533333, -8.77166667, 0, 1656462420], [105.8533333, -6.04833333, 0, 1665331620], [105.8933333, -6.03, 0, 1665332700], [105.9, -6.02666667, 0, 1665332880], [105.9133333, -6.02, 0, 1665333240], [105.9316667, -6.01, 0, 1665333780], [105.9425117, -6.002685, 0, 1665334140], [105.9436783, -6.00231, 0, 1665339300], [105.925, -6.01333333, 0, 1665340080], [105.915, -6.01833333, 0, 1665340440], [105.91, -6.02166667, 0, 1665340620], [105.8866667, -6.03833333, 0, 1665341340], [105.8733333, -6.045, 0, 1665341700]]}}]}",2/25/2022 22:58
432405000,"{""type"": ""FeatureCollection"", ""features"": [{""type"": ""Feature"", ""properties"": {}, ""geometry"": {""type"": ""LineString"", ""coordinates"": [[115.25638, -8.76541333, 0, 1646584200], [115.2477383, -8.76167, 0, 1646584500], [115.243395, -8.76110667, 0, 1646584680], [115.2648967, -8.80983167, 0, 1646603940]]}}]}",3/6/2022 23:30
432453000,"{""type"": ""FeatureCollection"", ""features"": [{""type"": ""Feature"", ""properties"": {}, ""geometry"": {""type"": ""LineString"", ""coordinates"": [[115.24997, -8.75419667, 0, 1658504400], [115.2430833, -8.75402, 0, 1658504820], [115.2403633, -8.752685, 0, 1658606460], [115.2849183, -8.78504167, 0, 1658607480], [115.2474683, -8.76668667, 0, 1661890260], [115.24547, -8.763565, 0, 1661890320], [115.2402133, -8.75276833, 0, 1662149100], [115.25524, -8.768, 0, 1662149520], [115.2562617, -8.76383167, 0, 1664116860], [115.2481517, -8.760005, 0, 1664117400], [115.2488267, -8.75970667, 0, 1664120940], [115.254225, -8.76384833, 0, 1664121180], [115.2470817, -8.77063833, 0, 1664127240], [115.2430717, -8.75452333, 0, 1664127720], [115.2121983, -8.74438, 0, 1664307420], [115.7286067, -9.08305667, 0, 1664319720]]}}]}",7/22/2022 22:40
432848000,"{""type"": ""FeatureCollection"", ""features"": [{""type"": ""Feature"", ""properties"": {}, ""geometry"": {""type"": ""LineString"", ""coordinates"": [[115.2483333, -8.755, 0, 1656088620], [115.245, -8.75666667, 0, 1656088800], [115.2433333, -8.76333333, 0, 1656108780], [115.305, -8.76166667, 0, 1656110580], [105.885, -6.02666667, 0, 1672420560], [105.8916667, -6.025, 0, 1672420740], [105.9166667, -6.02, 0, 1672421640], [105.9216667, -6.02, 0, 1672421820], [105.9235683, -6.02159667, 0, 1672421880], [105.9266667, -6.02, 0, 1672422180], [105.9266667, -6.01833333, 0, 1672422360], [105.9316667, -6.01833333, 0, 1672424520], [105.9266667, -6.02, 0, 1672424700], [105.9033333, -6.02333333, 0, 1672425240], [105.885, -6.025, 0, 1672425600]]}}]}",6/24/2022 23:37
432878000,"{""type"": ""FeatureCollection"", ""features"": [{""type"": ""Feature"", ""properties"": {}, ""geometry"": {""type"": ""LineString"", ""coordinates"": [[115.2488417, -8.76340667, 0, 1642702020], [115.2483333, -8.76166667, 0, 1642702080], [115.2483333, -8.765, 0, 1642710180], [115.25, -8.77666667, 0, 1658515800], [115.2466667, -8.77166667, 0, 1658515980], [115.2466667, -8.77, 0, 1658516160], [115.245, -8.76666667, 0, 1658516700], [115.2416667, -8.765, 0, 1658516880], [115.2432983, -8.75204667, 0, 1658604960], [115.2466667, -8.75333333, 0, 1658605080], [115.2683333, -8.76333333, 0, 1664884380], [115.24, -8.76166667, 0, 1664885100], [115.23, -8.755, 0, 1664996160], [115.255, -8.755, 0, 1664996700]]}}]}",1/21/2022 1:07
432894000,"{""type"": ""FeatureCollection"", ""features"": [{""type"": ""Feature"", ""properties"": {}, ""geometry"": {""type"": ""LineString"", ""coordinates"": [[115.255, -8.76333333, 0, 1654966680], [115.2483333, -8.76166667, 0, 1654966860], [115.2433333, -8.765, 0, 1654983420], [115.245, -8.76666667, 0, 1654983600]]}}]}",6/11/2022 23:58
432918000,"{""type"": ""FeatureCollection"", ""features"": [{""type"": ""Feature"", ""properties"": {}, ""geometry"": {""type"": ""LineString"", ""coordinates"": [[115.25, -8.765, 0, 1659628260], [115.2466667, -8.76166667, 0, 1659628800], [115.2429617, -8.75998333, 0, 1659643200], [115.2466667, -8.765, 0, 1659643380], [115.2516667, -8.765, 0, 1663861200], [115.2466667, -8.76, 0, 1663861380], [115.2416667, -8.755, 0, 1663895400], [115.25, -8.75666667, 0, 1663895580]]}}]}",8/4/2022 22:51
432955000,"{""type"": ""FeatureCollection"", ""features"": [{""type"": ""Feature"", ""properties"": {}, ""geometry"": {""type"": ""LineString"", ""coordinates"": [[115.307185, -8.77962167, 0, 1663174500], [115.2429983, -8.75617833, 0, 1663176480], [115.2410417, -8.75156833, 0, 1663189020], [115.2466083, -8.75316833, 0, 1663189200]]}}]}",9/14/2022 23:55
432987000,"{""type"": ""FeatureCollection"", ""features"": [{""type"": ""Feature"", ""properties"": {}, ""geometry"": {""type"": ""LineString"", ""coordinates"": [[115.2483333, -8.75666667, 0, 1641400080], [115.24, -8.75666667, 0, 1641404760], [115.245, -8.75, 0, 1641409620], [115.2464667, -8.75311, 0, 1641409860], [115.245, -8.75166667, 0, 1641410340], [115.2467383, -8.75282833, 0, 1641410460], [115.2466667, -8.74833333, 0, 1641411960], [115.2433333, -8.75166667, 0, 1641412140], [115.2433333, -8.75, 0, 1641414120], [115.24666, -8.74813167, 0, 1641414480], [105.9216667, -6.00833333, 0, 1643964240], [105.9116667, -6.02, 0, 1643964780], [105.9116667, -6.01833333, 0, 1643966220], [105.9083333, -6.01666667, 0, 1643972880], [105.9, -6.02333333, 0, 1643973240], [105.8916667, -6.02833333, 0, 1643973600], [105.8883333, -6.03, 0, 1643973780], [105.888355, -6.02718667, 0, 1643975040], [105.89, -6.025, 0, 1643975400], [105.895, -6.02, 0, 1643976480], [105.8966667, -6.01833333, 0, 1643976840], [105.91, -6.01, 0, 1643982420], [105.8966667, -6.02166667, 0, 1643982960], [105.8916667, -6.025, 0, 1643983140], [105.8883333, -6.03, 0, 1643983320], [105.885, -6.04166667, 0, 1643989260], [105.89, -6.03833333, 0, 1643989440], [105.9116667, -6.02, 0, 1643990520], [105.9116667, -6.01833333, 0, 1643990700], [105.935, -6.015, 0, 1643994120], [105.94, -6.01166667, 0, 1643994660], [105.9366667, -6.01666667, 0, 1643995560], [105.9366667, -6.01333333, 0, 1643995920], [115.2483333, -8.75666667, 0, 1669564620], [115.2466667, -8.75666667, 0, 1669564800], [115.2116667, -8.74333333, 0, 1669763340], [115.4666667, -8.61666667, 0, 1669768560]]}}]}",1/5/2022 23:28
441734000,"{""type"": ""FeatureCollection"", ""features"": [{""type"": ""Feature"", ""properties"": {}, ""geometry"": {""type"": ""LineString"", ""coordinates"": [[103.8509117, 1.18259167, 0, 1654541820], [103.885255, 1.19681333, 0, 1654542360], [103.891955, 1.19951, 0, 1654542480]]}}]}",6/7/2022 1:57
525000000,"{""type"": ""FeatureCollection"", ""features"": [{""type"": ""Feature"", ""properties"": {}, ""geometry"": {""type"": ""LineString"", ""coordinates"": [[107.9483333, 4.66166667, 0, 1641315960], [112.7566667, -7.17833333, 0, 1642043820], [112.7516667, -7.18666667, 0, 1642044000], [104.4366667, 0.93333333, 0, 1642692480], [106.18, 3.205, 0, 1643467260], [104.1051817, 0.98447, 0, 1644206040], [104.5288467, 0.73358667, 0, 1645476360], [104.4366667, 0.935, 0, 1645620780], [103.9050367, 1.124, 0, 1645620840], [104.4651533, 0.93195167, 0, 1645653540], [104.5133333, 0.72666667, 0, 1645662180], [103.9054433, 1.12381667, 0, 1645662600], [103.9054017, 1.12383, 0, 1645666200], [103.9058283, 1.12485667, 0, 1645811280], [109.0533333, 1.19833333, 0, 1645891080], [108.475, 3.95, 0, 1646065260], [103.9038167, 1.12229, 0, 1646065440], [121.05866, -4.22948167, 0, 1646091900], [103.9050333, 1.12346333, 0, 1646096220], [120.81684, -4.34428833, 0, 1646097000], [108.3916667, 3.89166667, 0, 1646097120], [103.904925, 1.12357667, 0, 1646097480], [120.7567233, -4.37083833, 0, 1646098260], [120.6229817, -4.43551167, 0, 1646100900], [103.9038717, 1.122355, 0, 1646112600], [108.31, 4.20166667, 0, 1646113080], [103.90377, 1.12242667, 0, 1646116380], [103.9050067, 1.12351333, 0, 1646173620], [106.7033333, 2.99833333, 0, 1646301300], [103.9039383, 1.12231333, 0, 1646373420], [119.8605733, -0.71823, 0, 1646374020], [105.2833333, 1.8, 0, 1646391480], [119.8605733, -0.71823, 0, 1646391660], [104.4366667, 0.935, 0, 1646458020], [103.9064467, 1.12282, 0, 1646465160], [104.4366667, 0.935, 0, 1646540400], [119.81204, -0.82057, 0, 1646540520], [119.81204, -0.82057, 0, 1646548320], [104.4366667, 0.935, 0, 1646549580], [120.5650183, -4.46269833, 0, 1646551200], [104.4366667, 0.935, 0, 1646551860], [104.4366667, 0.935, 0, 1646552640], [103.9036783, 1.05502833, 0, 1646554200], [119.81204, -0.82057, 0, 1646555460], [104.4373533, 0.93538333, 0, 1646557380], [103.9035217, 1.05377833, 0, 1646559960], [104.4366667, 0.935, 0, 1646563200], [104.4366667, 0.935, 0, 1646563440], [103.903535, 1.05376833, 0, 1646563560], [103.90345, 1.053795, 0, 1646568960], [103.9034533, 1.05380667, 0, 1646573280], [104.4366667, 0.935, 0, 1646573700], [104.4366667, 0.935, 0, 1646574060], [103.9034683, 1.05383, 0, 1646576160], [119.81204, -0.82057, 0, 1646577600], [104.4366667, 0.935, 0, 1646577840], [104.4366667, 0.935, 0, 1646578920], [119.81204, -0.82057, 0, 1646579040], [103.903785, 1.05526, 0, 1646590560], [104.4366667, 0.935, 0, 1646597340], [119.8120667, -0.82055667, 0, 1646597580], [104.4366667, 0.935, 0, 1646598600], [119.8120667, -0.82055667, 0, 1646602260], [104.4206733, 0.89422833, 0, 1646602860], [104.41836, 0.891695, 0, 1646602980], [104.4170933, 0.85836667, 0, 1646604180], [107.8883333, 0.96666667, 0, 1646723580], [103.9124033, 1.19453333, 0, 1646729460], [103.8899467, 1.16339667, 0, 1646730720], [103.8899467, 1.16339667, 0, 1646730720], [108.1733333, 1.03166667, 0, 1646731860], [108.8833333, 1.71666667, 0, 1647851100], [119.7445867, -0.66520833, 0, 1647851280], [108.8816667, 2.06833333, 0, 1647859920], [108.9066667, 2.23333333, 0, 1647864060], [119.7445867, -0.66523, 0, 1647892080], [104.425715, 0.89957167, 0, 1648497180], [119.74456, -0.66511333, 0, 1651075500], [120.5561433, -4.46694833, 0, 1651287540], [107.16, 2.99833333, 0, 1651995900], [121.0628467, -4.25536667, 0, 1652052240], [104.4366667, 0.935, 0, 1653176280], [119.81192, -0.82052333, 0, 1654114980], [112.7483333, -7.19166667, 0, 1654793580], [109.065, 1.19833333, 0, 1655308020], [112.7133333, -7.19166667, 0, 1655325660], [112.6733333, -7.16666667, 0, 1655327100], [109.065, 1.19833333, 0, 1655327460], [112.7383333, -7.19666667, 0, 1655335020], [112.705, -7.19, 0, 1655335800], [119.81192, -0.82053833, 0, 1655336820], [112.6633333, -7.14, 0, 1655337240], [121.498375, -4.06578667, 0, 1655775840], [105.66, 3.04333333, 0, 1655942160], [104.435, 0.935, 0, 1656188880], [104.4366667, 0.935, 0, 1657177320], [104.4366667, 0.935, 0, 1657189200], [104.5666667, 0.7, 0, 1657201740], [120.40544, -4.54234167, 0, 1658097600], [109.0033333, 1.20666667, 0, 1658332860], [119.7075467, -0.56793833, 0, 1661303100], [112.7242667, -7.18164833, 0, 1664359020], [112.73296, -7.17735833, 0, 1664566860], [121.47716, -4.06566667, 0, 1664567040], [112.73296, -7.17741333, 0, 1664568660], [112.7329467, -7.17742333, 0, 1664569560], [121.3480417, -4.08335, 0, 1664569920], [121.1057367, -4.207175, 0, 1664575620], [112.7328133, -7.17756333, 0, 1664575860], [119.4016933, -5.13397, 0, 1665059700], [112.7333333, -7.17833333, 0, 1665059760], [105.58, 0.755, 0, 1666245240]]}}]}",1/5/2022 0:06
525000001,"{""type"": ""FeatureCollection"", ""features"": [{""type"": ""Feature"", ""properties"": {}, ""geometry"": {""type"": ""LineString"", ""coordinates"": [[122.76, -4.78833333, 0, 1650133500], [122.735, -4.83833333, 0, 1650739080], [122.75215, -4.810255, 0, 1650739440], [103.6840083, 0.94648667, 0, 1652897940], [122.7333333, -4.84, 0, 1652898120], [103.6733333, 0.94666667, 0, 1652898240], [122.7383333, -4.83333333, 0, 1652898300], [122.61, -3.97166667, 0, 1652994360], [122.6017567, -3.97726, 0, 1652994540]]}}]}",4/17/2022 1:25
525000007,"{""type"": ""FeatureCollection"", ""features"": [{""type"": ""Feature"", ""properties"": {}, ""geometry"": {""type"": ""LineString"", ""coordinates"": [[105.1333333, -2.085, 0, 1671757740], [105.135, -2.085, 0, 1671757920], [105.1183333, -2.105, 0, 1671758640], [105.1316667, -2.085, 0, 1671808620], [105.135, -2.08333333, 0, 1671817080], [105.13, -2.09333333, 0, 1671817440]]}}]}",12/23/2022 8:09
525001069,"{""type"": ""FeatureCollection"", ""features"": [{""type"": ""Feature"", ""properties"": {}, ""geometry"": {""type"": ""LineString"", ""coordinates"": [[108.5989217, -6.700795, 0, 1649531880], [108.5917167, -6.70225667, 0, 1649532180]]}}]}",4/10/2022 2:18
525003044,"{""type"": ""FeatureCollection"", ""features"": [{""type"": ""Feature"", ""properties"": {}, ""geometry"": {""type"": ""LineString"", ""coordinates"": [[112.677835, -7.16382167, 0, 1641919500], [109.8346067, -5.89675333, 0, 1642057440]]}}]}",1/11/2022 23:45
525003374,"{""type"": ""FeatureCollection"", ""features"": [{""type"": ""Feature"", ""properties"": {}, ""geometry"": {""type"": ""LineString"", ""coordinates"": [[106.88044, -6.073875, 0, 1662143280], [106.879475, -6.05275667, 0, 1662143880], [109.05127, 0.04438833, 0, 1662321120], [109.3197767, -0.00388833, 0, 1662338700]]}}]}",9/3/2022 1:28
525003693,"{""type"": ""FeatureCollection"", ""features"": [{""type"": ""Feature"", ""properties"": {}, ""geometry"": {""type"": ""LineString"", ""coordinates"": [[101.8533333, 1.625, 0, 1650082560], [101.445, 1.70333333, 0, 1650131520], [101.4433333, 1.70333333, 0, 1650326400], [104.165, 1.13333333, 0, 1652949840], [101.80658, 1.98648167, 0, 1653462420], [98.70553333, 3.788645, 0, 1653855960], [98.715, 3.795, 0, 1653936540], [98.71833333, 3.79833333, 0, 1653936900]]}}]}",4/16/2022 11:16
525005003,"{""type"": ""FeatureCollection"", ""features"": [{""type"": ""Feature"", ""properties"": {}, ""geometry"": {""type"": ""LineString"", ""coordinates"": [[122.575, -5.45333333, 0, 1664861400], [122.5916667, -5.44833333, 0, 1664861760], [122.59, -5.445, 0, 1664878680], [122.5716667, -5.45, 0, 1664879040]]}}]}",10/4/2022 12:30
525005055,"{""type"": ""FeatureCollection"", ""features"": [{""type"": ""Feature"", ""properties"": {}, ""geometry"": {""type"": ""LineString"", ""coordinates"": [[107.5118333, -2.77845, 0, 1651030020], [107.6067167, -2.74203333, 0, 1651047540], [107.2301167, -4.3556, 0, 1651086900]]}}]}",4/27/2022 10:27
525005224,"{""type"": ""FeatureCollection"", ""features"": [{""type"": ""Feature"", ""properties"": {}, ""geometry"": {""type"": ""LineString"", ""coordinates"": [[125.1604867, 1.41546, 0, 1651191300], [125.29906, 1.178455, 0, 1651199640], [125.1628317, 1.42255167, 0, 1655239920], [125.65543, 0.69692, 0, 1655267580], [125.16344, 1.42230833, 0, 1656364320], [125.1558783, 1.40261167, 0, 1656364920]]}}]}",4/29/2022 7:15
525005362,"{""type"": ""FeatureCollection"", ""features"": [{""type"": ""Feature"", ""properties"": {}, ""geometry"": {""type"": ""LineString"", ""coordinates"": [[107.8411, -5.9025, 0, 1641364920], [107.7404167, -5.91316667, 0, 1641372180], [107.65355, -5.96451667, 0, 1641376980], [107.7193667, -5.92956667, 0, 1642661700], [107.7442, -5.90786667, 0, 1642714680], [107.7466667, -5.91631667, 0, 1642716360], [107.5641667, -5.93321667, 0, 1648844340], [107.7185167, -5.9128, 0, 1648917900], [107.7170167, -5.91145, 0, 1649031600], [107.7125833, -5.92131667, 0, 1649032140], [107.7073167, -5.92943333, 0, 1649301900], [107.7218667, -5.91473333, 0, 1649317800], [107.7159833, -5.92183333, 0, 1649318340], [107.7078833, -5.9308, 0, 1649608980], [107.7174, -5.91125, 0, 1649610600], [107.7212, -5.91525, 0, 1649745660], [107.72035, -5.91708333, 0, 1649746200], [107.08745, -5.87623333, 0, 1650604260], [107.7136, -5.91335, 0, 1650803820], [107.7174333, -5.91361667, 0, 1650808140], [107.7059333, -5.89255, 0, 1650844140], [107.6259167, -5.86186667, 0, 1650854820], [107.6731333, -5.90498333, 0, 1670862240], [107.7348833, -5.90253333, 0, 1670865720], [107.7367, -5.90466667, 0, 1670865900], [107.75445, -5.92735, 0, 1670866860], [107.7649167, -5.95346667, 0, 1671178140], [107.7013, -5.90686667, 0, 1671182160], [107.7349167, -5.96615, 0, 1671184320], [107.7619667, -5.9277, 0, 1672240560], [107.7462, -5.90751667, 0, 1672245660], [107.7408667, -5.90798333, 0, 1672246320], [107.7073667, -5.92395, 0, 1672248480]]}}]}",1/5/2022 13:42
525006286,"{""type"": ""FeatureCollection"", ""features"": [{""type"": ""Feature"", ""properties"": {}, ""geometry"": {""type"": ""LineString"", ""coordinates"": [[119.9866667, -5.745, 0, 1665600060], [125.145, 1.40833333, 0, 1666717080], [125.1533333, 1.41666667, 0, 1666717440], [125.1583333, 1.40666667, 0, 1667273340], [125.15248, 1.395095, 0, 1667273760], [136.76, -1.82833333, 0, 1667759160], [112.7216667, -7.185, 0, 1668885540], [112.702555, -7.187875, 0, 1669357260], [112.6983333, -7.18666667, 0, 1669357380], [112.6833333, -7.17666667, 0, 1669358100], [112.6693217, -7.14891333, 0, 1669359360], [112.658765, -7.1294, 0, 1669360260], [112.6596033, -7.11908333, 0, 1669360620], [112.6635933, -7.11771, 0, 1670438580], [112.6616667, -7.12666667, 0, 1670438820], [112.68, -7.16666667, 0, 1670439900], [112.6883333, -7.175, 0, 1670440260], [112.7017583, -7.180825, 0, 1670814600], [112.7052717, -7.18086667, 0, 1671507060], [112.7, -7.18166667, 0, 1671507360], [112.682465, -7.16994167, 0, 1671508260], [112.68, -7.16666667, 0, 1671508440], [112.6583333, -7.125, 0, 1671528120], [112.6566667, -7.12, 0, 1671528300]]}}]}",10/13/2022 1:41
525007183,"{""type"": ""FeatureCollection"", ""features"": [{""type"": ""Feature"", ""properties"": {}, ""geometry"": {""type"": ""LineString"", ""coordinates"": [[106.88362, -6.07025, 0, 1646168820], [106.88259, -6.07790167, 0, 1646169060], [106.8994633, -6.09476667, 0, 1646170020], [106.9143133, -6.09397, 0, 1646170680], [106.8862783, -6.05643333, 0, 1648885260], [106.8893967, -6.04386167, 0, 1663016880], [106.8926233, -6.100155, 0, 1663020480], [106.8925917, -6.10024333, 0, 1663058820], [106.91935, -6.09121833, 0, 1663060980], [106.9195867, -6.09679667, 0, 1663814280], [106.8925583, -6.10178, 0, 1663817160], [106.8925567, -6.10178667, 0, 1663846860], [106.891745, -6.050995, 0, 1663849740]]}}]}",3/2/2022 4:07
525007288,"{""type"": ""FeatureCollection"", ""features"": [{""type"": ""Feature"", ""properties"": {}, ""geometry"": {""type"": ""LineString"", ""coordinates"": [[116.1166667, -3.29333333, 0, 1645807860], [116.12, -3.29166667, 0, 1645808040], [116.16704, -3.26876833, 0, 1645812360], [116.1683333, -3.26666667, 0, 1645812540], [116.1866667, -3.255, 0, 1645814520], [116.19, -3.25166667, 0, 1645814880], [116.2433333, -3.205, 0, 1645819920], [116.2466667, -3.20333333, 0, 1645820100], [116.255, -3.2, 0, 1645820640], [116.2733333, -3.195, 0, 1645821720], [116.3116667, -3.205, 0, 1645823700], [116.315, -3.205, 0, 1645823880], [116.3116667, -3.17833333, 0, 1646621160], [116.305, -3.18, 0, 1646621340], [116.2533333, -3.19666667, 0, 1646622960], [116.2466667, -3.19833333, 0, 1646623140], [116.2345467, -3.21282, 0, 1646623740], [116.1933333, -3.25, 0, 1646625660], [116.18, -3.25833333, 0, 1646626200], [116.1666667, -3.26833333, 0, 1646626740], [116.1616667, -3.27166667, 0, 1646626920], [116.1183333, -3.29166667, 0, 1646630520], [116.1166667, -3.29, 0, 1646630880], [116.1116667, -3.29666667, 0, 1669119900], [116.12164, -3.29213833, 0, 1669120440], [116.1316667, -3.28666667, 0, 1669120980], [116.035, -3.305, 0, 1670338500]]}}]}",2/25/2022 23:51
525010018,"{""type"": ""FeatureCollection"", ""features"": [{""type"": ""Feature"", ""properties"": {}, ""geometry"": {""type"": ""LineString"", ""coordinates"": [[106.8818017, -6.085635, 0, 1653928140], [106.8820683, -6.069645, 0, 1653928560]]}}]}",5/30/2022 23:29
525010056,"{""type"": ""FeatureCollection"", ""features"": [{""type"": ""Feature"", ""properties"": {}, ""geometry"": {""type"": ""LineString"", ""coordinates"": [[112.5983333, -6.75, 0, 1647988740], [119.3705433, -5.14084833, 0, 1648118160], [119.3733333, -5.13833333, 0, 1648118340], [119.3783333, -5.13, 0, 1648441860], [119.3710017, -5.142405, 0, 1648442280], [119.3679717, -5.14902667, 0, 1648442400], [119.3633333, -5.155, 0, 1648442580], [122.5583333, -5.45666667, 0, 1648510920], [122.585, -5.44833333, 0, 1648511460], [122.5883333, -5.44833333, 0, 1648603320], [122.58, -5.455, 0, 1648603500], [122.58, -5.455, 0, 1648684260], [122.5916667, -5.445, 0, 1648684620], [122.5966667, -5.44, 0, 1648684740], [122.61, -5.435, 0, 1649547480], [122.6116667, -5.43833333, 0, 1649547660], [122.595, -5.44833333, 0, 1649639820], [122.58, -5.45666667, 0, 1649640180], [122.61, -5.415, 0, 1650037680], [122.61, -5.43666667, 0, 1650038220], [122.5883333, -5.44833333, 0, 1650237780], [122.5833333, -5.45166667, 0, 1650237960], [122.5716667, -5.44666667, 0, 1650614400], [122.5916667, -5.445, 0, 1650614760], [122.585, -5.44833333, 0, 1650775320], [122.56, -5.47333333, 0, 1650776040], [122.5833333, -5.45333333, 0, 1650879540], [122.5919617, -5.44984167, 0, 1650879780], [122.595, -5.445, 0, 1650879900], [122.6, -5.44, 0, 1650880080], [122.6102783, -3.96966833, 0, 1650997500], [122.6166667, -3.97166667, 0, 1650997860], [121.3666667, -1.95333333, 0, 1651073220], [121.3616667, -1.95833333, 0, 1651073400], [121.3516667, -1.97333333, 0, 1651122840], [121.37, -1.945, 0, 1651123740], [122.61, -5.43, 0, 1651205520], [122.6166667, -5.445, 0, 1651206420], [122.5983333, -5.44833333, 0, 1651222560], [122.5583333, -5.47833333, 0, 1651223640], [122.5516667, -5.45333333, 0, 1651696380], [122.6033333, -5.44666667, 0, 1651697460], [122.6216667, -5.445, 0, 1651904400], [122.555, -5.51333333, 0, 1651908540], [122.555, -5.51333333, 0, 1651998960], [122.6216667, -5.44333333, 0, 1652004120], [122.6216667, -5.44333333, 0, 1652005560], [122.2083333, -5.36833333, 0, 1652016000], [122.1183333, -5.135, 0, 1652295660], [122.6216667, -5.44333333, 0, 1652447220], [122.615, -5.445, 0, 1652447760], [122.58088, -5.45274, 0, 1652448660], [122.5766667, -5.45, 0, 1652783760], [122.5866667, -5.44833333, 0, 1652783940], [122.5883333, -5.44833333, 0, 1652797740], [122.5733333, -5.46166667, 0, 1652798100], [122.5783333, -5.455, 0, 1652900460], [122.5833333, -5.45, 0, 1652900640], [122.6033333, -5.43166667, 0, 1652901180], [122.61, -5.43, 0, 1653573600], [122.61, -5.44166667, 0, 1653573960], [122.6233333, -5.445, 0, 1653589140], [122.555, -5.51666667, 0, 1653592560], [122.6101817, -3.96937833, 0, 1653884580], [122.9233333, -4.165, 0, 1653896160], [122.6116667, -5.42666667, 0, 1653920700], [122.61, -5.445, 0, 1653921420], [122.625, -5.45166667, 0, 1654163820], [122.555, -5.51666667, 0, 1654169700], [122.555, -5.51666667, 0, 1654266720], [122.61, -3.96833333, 0, 1654401720], [122.6233333, -5.45166667, 0, 1654440420], [122.625, -5.45, 0, 1654678140], [122.5533333, -5.51666667, 0, 1654681680], [122.6166667, -3.97166667, 0, 1654814880], [122.6133333, -3.97166667, 0, 1654815060], [122.6116667, -5.42666667, 0, 1654946820], [122.6116667, -5.44, 0, 1654947180], [122.6283333, -5.45333333, 0, 1655244180], [122.5533333, -5.51666667, 0, 1655247960], [122.57, -5.44833333, 0, 1655604900], [122.5883333, -5.445, 0, 1655605260], [122.5983333, -5.44833333, 0, 1655892600], [122.5816667, -5.45333333, 0, 1655892960], [119.3683333, -5.11833333, 0, 1656195300], [119.3724633, -5.123815, 0, 1656195660], [119.3731167, -5.14050667, 0, 1656498960], [122.5783333, -5.455, 0, 1656869880], [122.585, -5.45166667, 0, 1656870060], [122.5966667, -5.44166667, 0, 1656870360], [122.6016667, -5.43666667, 0, 1656870540], [122.1566667, -2.78833333, 0, 1657682580], [122.6183333, -5.44666667, 0, 1657749900], [122.6183333, -5.44666667, 0, 1658032200], [122.55, -5.51, 0, 1658034900], [122.6119383, -3.97062667, 0, 1658251860], [122.6273933, -3.97227833, 0, 1658252280], [122.5766667, -5.45166667, 0, 1658420340], [122.5866667, -5.45, 0, 1658420520], [122.5933333, -5.44833333, 0, 1658909040], [122.58, -5.45666667, 0, 1658909400], [122.5766667, -5.45166667, 0, 1659353940], [122.585, -5.44833333, 0, 1659354120], [122.6016667, -5.44833333, 0, 1659510420], [122.565, -5.47166667, 0, 1659511500]]}}]}",3/23/2022 5:39
525010101,"{""type"": ""FeatureCollection"", ""features"": [{""type"": ""Feature"", ""properties"": {}, ""geometry"": {""type"": ""LineString"", ""coordinates"": [[125.1660317, 1.42393, 0, 1648862820], [125.202825, 1.44002833, 0, 1659342840], [125.18241, 1.43285, 0, 1660176600], [138.2568267, -7.39659, 0, 1664652180], [127.3603833, 0.75012, 0, 1668905280], [127.37591, 0.761685, 0, 1668905880]]}}]}",4/2/2022 8:27
525010154,"{""type"": ""FeatureCollection"", ""features"": [{""type"": ""Feature"", ""properties"": {}, ""geometry"": {""type"": ""LineString"", ""coordinates"": [[106.8799583, -6.04020833, 0, 1659028620], [106.8882, -6.098475, 0, 1661280120]]}}]}",7/29/2022 0:17
525012345,"{""type"": ""FeatureCollection"", ""features"": [{""type"": ""Feature"", ""properties"": {}, ""geometry"": {""type"": ""LineString"", ""coordinates"": [[116.3583333, -3.22166667, 0, 1663755480], [116.2766667, -3.19833333, 0, 1663790220], [116.2683333, -3.195, 0, 1663790760], [138.2256633, -8.49732667, 0, 1663970760], [116.1166667, -3.29166667, 0, 1670998980], [116.12, -3.29, 0, 1670999340], [116.135, -3.285, 0, 1671000780], [116.3051117, -3.20492, 0, 1671489120], [116.3233333, -3.215, 0, 1671590100]]}}]}",9/21/2022 17:18
525016487,"{""type"": ""FeatureCollection"", ""features"": [{""type"": ""Feature"", ""properties"": {}, ""geometry"": {""type"": ""LineString"", ""coordinates"": [[104.2126217, 0.99115, 0, 1664143860], [104.199405, 1.07506333, 0, 1664147100], [104.1964017, 1.093285, 0, 1664147760], [104.1885817, 1.11270167, 0, 1664148420]]}}]}",9/26/2022 5:11
525017048,"{""type"": ""FeatureCollection"", ""features"": [{""type"": ""Feature"", ""properties"": {}, ""geometry"": {""type"": ""LineString"", ""coordinates"": [[116.315, -3.21, 0, 1657127100], [116.31, -3.20666667, 0, 1657127280], [116.255, -3.195, 0, 1657128720], [116.25, -3.19833333, 0, 1657128900], [116.2333333, -3.21166667, 0, 1657129440], [116.1916667, -3.25333333, 0, 1657131060], [116.1766667, -3.26333333, 0, 1657131600], [116.1566667, -3.27666667, 0, 1657132500], [116.1266667, -3.28333333, 0, 1657134660], [116.1216667, -3.285, 0, 1657134840], [116.1133333, -3.29, 0, 1657267860], [116.1183333, -3.28833333, 0, 1657268040], [116.165, -3.27166667, 0, 1657269780], [116.17, -3.26833333, 0, 1657269960], [116.1866667, -3.255, 0, 1657270680], [116.1916667, -3.25166667, 0, 1657270860], [116.2233333, -3.225, 0, 1657272120], [116.2466667, -3.20166667, 0, 1657273020], [116.2516667, -3.19666667, 0, 1657273200], [116.2566667, -3.19333333, 0, 1657273380], [116.3133333, -3.21, 0, 1657275360], [116.3216667, -3.21666667, 0, 1657275720], [116.3133333, -3.21166667, 0, 1659249420], [116.3083333, -3.20666667, 0, 1659249600], [116.265, -3.19333333, 0, 1659250860], [116.2466667, -3.2, 0, 1659251400], [116.235, -3.21333333, 0, 1659252000], [116.2166667, -3.22333333, 0, 1659577020], [116.15, -3.275, 0, 1659580440], [116.125, -3.28166667, 0, 1659583140], [116.12, -3.285, 0, 1659583500], [116.1116667, -3.28666667, 0, 1659717720], [116.121105, -3.29076167, 0, 1659718320], [116.1666667, -3.27333333, 0, 1659719700], [116.1783333, -3.265, 0, 1659720060], [116.19, -3.25666667, 0, 1659720420], [116.24, -3.205, 0, 1659722220], [116.2516667, -3.19666667, 0, 1659722580], [116.2583333, -3.19333333, 0, 1659722760], [116.3116667, -3.20666667, 0, 1659724320], [116.3216667, -3.21333333, 0, 1659724680], [116.32, -3.21666667, 0, 1661855520], [116.3033333, -3.20166667, 0, 1661856060], [116.2633333, -3.19333333, 0, 1661857140], [116.24, -3.20833333, 0, 1661857860], [116.1966667, -3.24833333, 0, 1661894460], [116.185, -3.255, 0, 1661894820], [116.17, -3.265, 0, 1661895360], [116.165, -3.27, 0, 1661895540], [116.1233333, -3.285, 0, 1661897100], [116.1216667, -3.285, 0, 1661897340], [116.1160733, -3.29142667, 0, 1662062640], [116.12, -3.29166667, 0, 1662062820], [116.161885, -3.27400333, 0, 1662064320], [116.17, -3.26666667, 0, 1662064620], [116.1866667, -3.25666667, 0, 1662065160], [116.1916667, -3.25166667, 0, 1662065340], [116.2416667, -3.20666667, 0, 1662067140], [116.2516667, -3.19833333, 0, 1662067500], [116.2583333, -3.195, 0, 1662067680], [116.31, -3.20833333, 0, 1662069300], [116.315, -3.21166667, 0, 1662069420]]}}]}",7/7/2022 0:05
525017100,"{""type"": ""FeatureCollection"", ""features"": [{""type"": ""Feature"", ""properties"": {}, ""geometry"": {""type"": ""LineString"", ""coordinates"": [[104.115, -0.915, 0, 1649446800], [104.0833333, -0.91833333, 0, 1649449320], [104.0983333, -0.91666667, 0, 1649526660], [104.125, -0.91333333, 0, 1649527200], [102.1783333, 1.33666667, 0, 1651299300], [102.1883333, 1.30833333, 0, 1651299840], [102.205, 1.23166667, 0, 1651301100], [102.22, 1.205, 0, 1651301640], [102.21, 1.20666667, 0, 1651363920], [102.2083333, 1.215, 0, 1651364100], [102.1833333, 1.32, 0, 1651366080], [102.1816667, 1.33, 0, 1651366260], [102.1716667, 1.36666667, 0, 1651367160], [102.1316667, 1.405, 0, 1651368240], [102.1083333, 1.42166667, 0, 1651368780], [102.085, 1.43833333, 0, 1651369320], [102.0783333, 1.44333333, 0, 1651369500], [102.0166667, 1.49, 0, 1651370940], [102.22, 1.205, 0, 1659300900], [102.2183333, 1.21333333, 0, 1659301080], [102.185, 1.32, 0, 1659303600], [102.1833333, 1.32833333, 0, 1659303780], [102.165, 1.37166667, 0, 1659304980], [102.16, 1.38, 0, 1659305160], [102.0966667, 1.435, 0, 1659306780], [102.09, 1.44166667, 0, 1659306960], [102.0766667, 1.45333333, 0, 1659307320], [102.0683333, 1.46, 0, 1659307500], [104.8666667, -2.95166667, 0, 1659519660], [104.8633333, -2.95666667, 0, 1659519840], [104.8616667, -2.96166667, 0, 1659520020], [104.860695, -2.96854167, 0, 1659520260], [104.8583333, -2.97, 0, 1659832440], [104.8616667, -2.96333333, 0, 1659832560], [104.9583333, -2.16833333, 0, 1664508840]]}}]}",4/9/2022 2:40
525019510,"{""type"": ""FeatureCollection"", ""features"": [{""type"": ""Feature"", ""properties"": {}, ""geometry"": {""type"": ""LineString"", ""coordinates"": [[106.88627, -6.019755, 0, 1643586960], [106.8724983, -6.03447667, 0, 1671514020]]}}]}",1/31/2022 6:56
525019632,"{""type"": ""FeatureCollection"", ""features"": [{""type"": ""Feature"", ""properties"": {}, ""geometry"": {""type"": ""LineString"", ""coordinates"": [[108.575245, -6.70778333, 0, 1648871880]]}}]}",4/2/2022 10:58
525019652,"{""type"": ""FeatureCollection"", ""features"": [{""type"": ""Feature"", ""properties"": {}, ""geometry"": {""type"": ""LineString"", ""coordinates"": [[103.8883333, 1.10333333, 0, 1669195260], [103.89, 1.10666667, 0, 1669195440], [103.90266, 1.13308, 0, 1669196580], [103.9058217, 1.141715, 0, 1669197000], [103.9058217, 1.141715, 0, 1669197000], [103.9092917, 1.14877667, 0, 1669197300], [103.9092917, 1.14877667, 0, 1669197300], [103.9108383, 1.15484167, 0, 1669197600], [103.9108383, 1.15484167, 0, 1669197600], [103.9165567, 1.16460667, 0, 1669198020], [103.9165567, 1.16460667, 0, 1669198020], [103.9191, 1.16743167, 0, 1669198200], [103.9266667, 1.18666667, 0, 1669199040], [103.93101, 1.194815, 0, 1669199400]]}}]}",11/23/2022 16:21
525023250,"{""type"": ""FeatureCollection"", ""features"": [{""type"": ""Feature"", ""properties"": {}, ""geometry"": {""type"": ""LineString"", ""coordinates"": [[106.8804117, -6.08839167, 0, 1671328020], [106.8828033, -6.06831167, 0, 1671328620]]}}]}",12/18/2022 8:47
525111111,"{""type"": ""FeatureCollection"", ""features"": [{""type"": ""Feature"", ""properties"": {}, ""geometry"": {""type"": ""LineString"", ""coordinates"": [[131.2833633, -7.99296333, 0, 1653754680], [131.27658, -7.99618, 0, 1653754920], [131.66893, -7.0457, 0, 1653861480], [116.7973683, -1.28099167, 0, 1653861600], [131.652305, -7.03431167, 0, 1653861900], [130.9571567, -0.86395167, 0, 1658909100]]}}]}",5/28/2022 23:18
525114102,"{""type"": ""FeatureCollection"", ""features"": [{""type"": ""Feature"", ""properties"": {}, ""geometry"": {""type"": ""LineString"", ""coordinates"": [[106.9005, -6.05166667, 0, 1649796540], [106.9058333, -6.10416667, 0, 1649801760]]}}]}",4/13/2022 3:49
525200031,"{""type"": ""FeatureCollection"", ""features"": [{""type"": ""Feature"", ""properties"": {}, ""geometry"": {""type"": ""LineString"", ""coordinates"": [[105.995245, -5.931795, 0, 1669197660], [105.9811883, -5.96077, 0, 1669547940], [105.990445, -5.924355, 0, 1669554660], [105.98411, -5.95633167, 0, 1669769640], [105.9804983, -5.961275, 0, 1669968300], [105.954775, -5.91664667, 0, 1669974720], [105.9273833, -5.912785, 0, 1669975320], [105.9832417, -5.92126, 0, 1670046300], [105.9793867, -5.93819833, 0, 1670046900], [105.750955, -5.87751, 0, 1670347860], [105.9258717, -5.92028, 0, 1670713560], [105.96268, -5.93870833, 0, 1670714820], [105.974825, -5.9429, 0, 1670715420], [105.974825, -5.9429, 0, 1670715420], [105.988365, -5.92174833, 0, 1670720220], [105.9711917, -5.93693167, 0, 1670720820], [105.8976333, -5.91040333, 0, 1672164840], [105.90352, -5.91242167, 0, 1672164960], [105.887015, -5.89801, 0, 1672173900], [105.996615, -5.93621, 0, 1672190280], [105.95762, -5.92958833, 0, 1672214820], [105.9924633, -5.92742333, 0, 1672221660]]}}]}",11/23/2022 17:01
525200821,"{""type"": ""FeatureCollection"", ""features"": [{""type"": ""Feature"", ""properties"": {}, ""geometry"": {""type"": ""LineString"", ""coordinates"": [[105.956, -6.01866667, 0, 1648977720], [105.9565, -6.01816667, 0, 1649679300], [105.9551667, -5.9235, 0, 1649681640], [105.9561667, -6.01866667, 0, 1650375420], [105.971, -5.905, 0, 1650396480], [105.934, -5.98783333, 0, 1650902220], [105.9358333, -5.99716667, 0, 1650902820], [105.9368333, -6.00616667, 0, 1650909060], [100.366, -1.0325, 0, 1653335040], [100.3715, -1.02583333, 0, 1653436740], [100.364, -1.03616667, 0, 1653436980], [105.9311667, -5.99883333, 0, 1653592620], [105.9368333, -6.00166667, 0, 1653592920], [105.941, -6.01016667, 0, 1653688020], [105.8608333, -6.0, 0, 1653708240], [100.3658333, -1.04216667, 0, 1653859440], [100.376, -1.01483333, 0, 1653873480], [100.3785, -1.01533333, 0, 1653933480], [100.2965, -1.21683333, 0, 1653937620], [105.9378333, -6.0135, 0, 1654087200], [105.9375, -6.01383333, 0, 1654103700], [105.9376667, -6.013, 0, 1654106040], [105.9378333, -6.01283333, 0, 1654146000], [105.937, -6.0145, 0, 1654159500], [105.956, -6.01866667, 0, 1654335180], [105.8833333, -6.00683333, 0, 1654342620], [100.357, -1.05183333, 0, 1654477860], [100.3793333, -1.00866667, 0, 1654612500], [100.2928333, -1.2965, 0, 1654618320], [100.3685, -1.03733333, 0, 1655228880], [100.378, -0.9975, 0, 1655245320], [100.3783333, -0.99933333, 0, 1655302020], [100.3198333, -1.14516667, 0, 1655305440], [105.896, -6.01083333, 0, 1655459880], [105.938, -6.0145, 0, 1655514000], [105.936, -6.00566667, 0, 1656224700], [105.9363333, -6.00566667, 0, 1656258180], [105.937, -6.00433333, 0, 1656270240], [105.9366667, -6.00583333, 0, 1656314340], [105.9361667, -6.006, 0, 1656325320], [105.9371667, -6.00483333, 0, 1656351420], [105.956, -6.01866667, 0, 1656529980], [105.9423333, -6.01316667, 0, 1656664860], [105.9296667, -5.99466667, 0, 1656665460], [100.3303333, -1.11483333, 0, 1656803820], [100.3766667, -1.02183333, 0, 1656807240], [105.931, -6.01316667, 0, 1657729620], [105.956, -6.01866667, 0, 1658008560], [105.954, -6.01483333, 0, 1658018100], [105.9243333, -5.998, 0, 1658019000], [100.3548333, -1.05016667, 0, 1658156040], [100.366, -1.02183333, 0, 1658157720], [100.3781667, -1.02366667, 0, 1658967240], [100.3585, -1.06116667, 0, 1658968260], [105.9518333, -6.01283333, 0, 1660061640], [105.9506667, -5.95833333, 0, 1660062780], [105.976, -5.9095, 0, 1660063620], [105.9988333, -5.876, 0, 1660064280], [105.9371667, -5.99116667, 0, 1660591620], [105.9386667, -5.9905, 0, 1660609620], [105.937, -5.99116667, 0, 1660618260], [105.956, -6.01866667, 0, 1661169480], [105.9533333, -5.962, 0, 1661182080], [105.9531667, -5.94166667, 0, 1661182440], [105.9736667, -5.915, 0, 1661183040], [106.001, -5.87783333, 0, 1661183820], [105.9913333, -5.8815, 0, 1661545560], [105.9875, -5.88583333, 0, 1661545680], [105.9725, -5.91033333, 0, 1661546340], [105.9615, -5.92616667, 0, 1661546760], [105.9426667, -5.9765, 0, 1661548260], [105.9426667, -5.9845, 0, 1661548560], [105.9521667, -6.0135, 0, 1662079500], [105.95, -5.98416667, 0, 1662080280], [105.9535, -5.94266667, 0, 1662081060], [105.9728333, -5.904, 0, 1662081900], [105.9881667, -5.8795, 0, 1662082500], [105.9946667, -5.88983333, 0, 1664013660]]}}]}",4/3/2022 16:22
525300636,"{""type"": ""FeatureCollection"", ""features"": [{""type"": ""Feature"", ""properties"": {}, ""geometry"": {""type"": ""LineString"", ""coordinates"": [[117.0833333, -0.55166667, 0, 1648712040], [117.115, -0.53, 0, 1648741920], [117.1416667, -0.505, 0, 1648744080], [117.147165, -0.50759167, 0, 1648744320], [115.6733333, -3.78333333, 0, 1649900340], [117.1426, -0.50734, 0, 1651413480], [117.1416667, -0.50666667, 0, 1651474320], [119.545, -5.61166667, 0, 1652287980]]}}]}",3/31/2022 14:34
525301218,"{""type"": ""FeatureCollection"", ""features"": [{""type"": ""Feature"", ""properties"": {}, ""geometry"": {""type"": ""LineString"", ""coordinates"": [[116.4147333, -3.280855, 0, 1644401340], [116.2903317, -3.199825, 0, 1644407220], [114.5516017, -3.329105, 0, 1646440980], [114.558095, -3.33474, 0, 1646454540], [114.563585, -3.310125, 0, 1646464200], [114.5606633, -3.27821, 0, 1646465220], [114.79966, -2.859345, 0, 1649229540], [114.5530167, -3.3382, 0, 1650044280], [109.3610017, -5.69945667, 0, 1652417820]]}}]}",2/9/2022 17:09
525500414,"{""type"": ""FeatureCollection"", ""features"": [{""type"": ""Feature"", ""properties"": {}, ""geometry"": {""type"": ""LineString"", ""coordinates"": [[107.98053, -6.02610167, 0, 1666816920], [107.6930633, -5.88076833, 0, 1666839180], [107.4675217, -5.89677167, 0, 1666915560]]}}]}",10/27/2022 3:42
525500827,"{""type"": ""FeatureCollection"", ""features"": [{""type"": ""Feature"", ""properties"": {}, ""geometry"": {""type"": ""LineString"", ""coordinates"": [[131.005, -0.865, 0, 1660295880], [131.2333333, -0.86666667, 0, 1661618160], [131.235, -0.86666667, 0, 1661629680], [132.875, -2.39166667, 0, 1664823660]]}}]}",8/12/2022 16:18
525600227,"{""type"": ""FeatureCollection"", ""features"": [{""type"": ""Feature"", ""properties"": {}, ""geometry"": {""type"": ""LineString"", ""coordinates"": [[125.2338717, 1.464305, 0, 1649301120], [125.2103267, 1.44475333, 0, 1649302080], [127.7565917, 3.19150667, 0, 1650086040], [125.2928083, 1.57679667, 0, 1657994100], [125.2092117, 1.449175, 0, 1658001180], [125.6161817, 1.758275, 0, 1658552400], [129.75318, 1.335265, 0, 1659102180], [125.20987, 1.44959167, 0, 1659587580], [125.260675, 1.52712667, 0, 1659591300]]}}]}",4/7/2022 10:12
525600230,"{""type"": ""FeatureCollection"", ""features"": [{""type"": ""Feature"", ""properties"": {}, ""geometry"": {""type"": ""LineString"", ""coordinates"": [[125.588295, 1.58554333, 0, 1645893300], [125.2144083, 1.45113833, 0, 1647144240], [125.2263317, 1.459945, 0, 1647144840], [125.2203467, 1.45519833, 0, 1647590760], [125.2105567, 1.44427333, 0, 1647591480], [125.2123233, 1.44737, 0, 1647593400], [127.5777533, 2.58860333, 0, 1647837840], [125.2231917, 1.45739833, 0, 1648260000], [125.2088683, 1.449665, 0, 1649271180], [126.29651, 1.85514667, 0, 1649309820], [125.1512783, 1.39014333, 0, 1650219060], [125.1656783, 1.42320333, 0, 1650220320], [125.2158433, 1.45305667, 0, 1650378420], [125.2458217, 1.482875, 0, 1650379920], [126.386505, 2.09938667, 0, 1650815160], [125.21373, 1.44770333, 0, 1650861540], [126.5436, 2.3261, 0, 1651731300], [125.2649583, 1.53890167, 0, 1652759220], [125.2079917, 1.44522833, 0, 1652764680], [125.9725867, 1.77952167, 0, 1653020280], [125.2300133, 1.46219, 0, 1670802840], [125.208895, 1.44986167, 0, 1671076500], [125.2172533, 1.45339167, 0, 1671077160], [125.2313, 1.46337167, 0, 1671077760], [125.2243333, 1.458355, 0, 1671532740], [125.213225, 1.45119, 0, 1671533400], [125.2089467, 1.449515, 0, 1671640260], [125.25546, 1.505545, 0, 1671898620]]}}]}",2/26/2022 23:35
525888888,"{""type"": ""FeatureCollection"", ""features"": [{""type"": ""Feature"", ""properties"": {}, ""geometry"": {""type"": ""LineString"", ""coordinates"": [[103.4258867, 0.98590667, 0, 1642588560], [104.2140567, 1.05543667, 0, 1645001580], [104.1999933, 1.1088, 0, 1645752300], [104.2017167, 1.09080333, 0, 1645752900], [104.20035, 1.08955167, 0, 1645843560], [104.199475, 1.10674667, 0, 1645844400], [103.909235, 1.20098333, 0, 1653069240], [103.8856983, 1.19405833, 0, 1653070080], [103.8740983, 1.192385, 0, 1653071880], [103.8477267, 1.17276667, 0, 1653073500], [104.2112633, 1.07220333, 0, 1656703020], [104.2114267, 1.06993833, 0, 1665812640], [104.2016067, 1.09223167, 0, 1665813480], [104.2035183, 1.11531, 0, 1665814080], [104.2013833, 1.09145333, 0, 1667185620], [104.2014, 1.11274, 0, 1667186220], [104.78552, 0.33972333, 0, 1667703060], [103.866835, 1.18311167, 0, 1669292280], [103.884315, 1.19075, 0, 1669292940], [103.9051933, 1.20005167, 0, 1669293660], [104.79238, 0.63894, 0, 1669636620], [103.4199267, 0.96163667, 0, 1669683660], [111.53113, -6.631865, 0, 1669957380], [104.2016883, 1.08917833, 0, 1669987140], [104.2012983, 1.09957833, 0, 1669987740]]}}]}",1/19/2022 17:36
544124120,"{""type"": ""FeatureCollection"", ""features"": [{""type"": ""Feature"", ""properties"": {}, ""geometry"": {""type"": ""LineString"", ""coordinates"": [[131.19955, -0.85538333, 0, 1658034300], [131.2097, -0.85708333, 0, 1658034540], [131.2086833, -0.85835, 0, 1658115660], [131.2016333, -0.85736667, 0, 1658115780]]}}]}",7/17/2022 12:05
544125120,"{""type"": ""FeatureCollection"", ""features"": [{""type"": ""Feature"", ""properties"": {}, ""geometry"": {""type"": ""LineString"", ""coordinates"": [[131.2031, -0.85953333, 0, 1643703360], [131.209, -0.8615, 0, 1643703480], [131.2219167, -0.86451667, 0, 1643797320], [131.1965667, -0.85688333, 0, 1643797860]]}}]}",2/1/2022 15:16
567111000,"{""type"": ""FeatureCollection"", ""features"": [{""type"": ""Feature"", ""properties"": {}, ""geometry"": {""type"": ""LineString"", ""coordinates"": [[101.5987533, 1.67026333, 0, 1656165240]]}}]}",6/25/2022 20:54
567447000,"{""type"": ""FeatureCollection"", ""features"": [{""type"": ""Feature"", ""properties"": {}, ""geometry"": {""type"": ""LineString"", ""coordinates"": [[106.8827467, -6.09543167, 0, 1651152300]]}}]}",4/28/2022 20:25
574000070,"{""type"": ""FeatureCollection"", ""features"": [{""type"": ""Feature"", ""properties"": {}, ""geometry"": {""type"": ""LineString"", ""coordinates"": [[119.3697833, -5.121, 0, 1657539900], [105.9601, -5.98993333, 0, 1660243020], [105.9601, -5.98993333, 0, 1660243020], [105.9624333, -5.9564, 0, 1660243920], [105.9659, -5.93503333, 0, 1660244580]]}}]}",7/11/2022 18:45
574000090,"{""type"": ""FeatureCollection"", ""features"": [{""type"": ""Feature"", ""properties"": {}, ""geometry"": {""type"": ""LineString"", ""coordinates"": [[104.8699517, -2.95028, 0, 1653135780], [104.8596367, -2.97050333, 0, 1653136380], [104.7799767, -2.980725, 0, 1659012360], [104.7998417, -2.98526333, 0, 1659510180], [104.8642917, -2.957965, 0, 1659512640]]}}]}",5/21/2022 19:23
574000110,"{""type"": ""FeatureCollection"", ""features"": [{""type"": ""Feature"", ""properties"": {}, ""geometry"": {""type"": ""LineString"", ""coordinates"": [[105.96015, -6.01023333, 0, 1642501680]]}}]}",1/18/2022 17:28
574000320,"{""type"": ""FeatureCollection"", ""features"": [{""type"": ""Feature"", ""properties"": {}, ""geometry"": {""type"": ""LineString"", ""coordinates"": [[104.8676833, -2.95137, 0, 1655105220], [104.8613833, -2.96748667, 0, 1655105700], [104.8079567, -2.98823833, 0, 1655108220], [104.8030917, -2.98729667, 0, 1655108760]]}}]}",6/13/2022 14:27
574000590,"{""type"": ""FeatureCollection"", ""features"": [{""type"": ""Feature"", ""properties"": {}, ""geometry"": {""type"": ""LineString"", ""coordinates"": [[106.88615, -6.09601667, 0, 1671152820], [106.8817333, -6.07353333, 0, 1671453300], [106.882, -6.0617, 0, 1671453540]]}}]}",12/16/2022 8:07
574000810,"{""type"": ""FeatureCollection"", ""features"": [{""type"": ""Feature"", ""properties"": {}, ""geometry"": {""type"": ""LineString"", ""coordinates"": [[106.8857533, -6.09603333, 0, 1657865520], [106.8882917, -5.99934, 0, 1657869180]]}}]}",7/15/2022 13:12
574001060,"{""type"": ""FeatureCollection"", ""features"": [{""type"": ""Feature"", ""properties"": {}, ""geometry"": {""type"": ""LineString"", ""coordinates"": [[106.60975, 10.44413333, 0, 1667700960]]}}]}",11/6/2022 9:16
574001410,"{""type"": ""FeatureCollection"", ""features"": [{""type"": ""Feature"", ""properties"": {}, ""geometry"": {""type"": ""LineString"", ""coordinates"": [[100.3640333, 5.39163333, 0, 1667897820], [101.4779, 1.71048333, 0, 1668810600], [101.4422667, 1.69008333, 0, 1669437900], [101.9487167, 1.907, 0, 1669457820], [103.86575, 1.18788333, 0, 1669515300], [103.8817667, 1.19668333, 0, 1669515600], [103.8963833, 1.20265, 0, 1669515900]]}}]}",11/8/2022 15:57
574002830,"{""type"": ""FeatureCollection"", ""features"": [{""type"": ""Feature"", ""properties"": {}, ""geometry"": {""type"": ""LineString"", ""coordinates"": [[112.6878, -7.1813, 0, 1641450780], [112.6714167, -7.15718333, 0, 1641451380], [112.6591167, -7.12626667, 0, 1641452100], [112.6585333, -7.1142, 0, 1641452340]]}}]}",1/6/2022 13:33
574412000,"{""type"": ""FeatureCollection"", ""features"": [{""type"": ""Feature"", ""properties"": {}, ""geometry"": {""type"": ""LineString"", ""coordinates"": [[106.882705, -6.09556667, 0, 1657861140]]}}]}",7/15/2022 11:59
574908000,"{""type"": ""FeatureCollection"", ""features"": [{""type"": ""Feature"", ""properties"": {}, ""geometry"": {""type"": ""LineString"", ""coordinates"": [[106.74535, 10.531525, 0, 1644538800]]}}]}",2/11/2022 7:20
574920000,"{""type"": ""FeatureCollection"", ""features"": [{""type"": ""Feature"", ""properties"": {}, ""geometry"": {""type"": ""LineString"", ""coordinates"": [[106.7406733, 10.53643667, 0, 1668809820]]}}]}",11/19/2022 5:17
574987000,"{""type"": ""FeatureCollection"", ""features"": [{""type"": ""Feature"", ""properties"": {}, ""geometry"": {""type"": ""LineString"", ""coordinates"": [[121.4816667, 2.70166667, 0, 1658978100], [116.265, -3.18833333, 0, 1659129300]]}}]}",7/28/2022 10:15
574990000,"{""type"": ""FeatureCollection"", ""features"": [{""type"": ""Feature"", ""properties"": {}, ""geometry"": {""type"": ""LineString"", ""coordinates"": [[101.5435167, 1.67705, 0, 1660527180], [101.4796, 1.70011667, 0, 1660528380], [101.4786667, 1.68921667, 0, 1660944300], [101.51985, 1.6782, 0, 1660945320]]}}]}",8/15/2022 8:33
577100000,"{""type"": ""FeatureCollection"", ""features"": [{""type"": ""Feature"", ""properties"": {}, ""geometry"": {""type"": ""LineString"", ""coordinates"": [[103.8590533, 1.185375, 0, 1656040980], [103.879595, 1.19402, 0, 1656041460], [103.906195, 1.20558333, 0, 1656042060]]}}]}",6/24/2022 10:23
664104000,"{""type"": ""FeatureCollection"", ""features"": [{""type"": ""Feature"", ""properties"": {}, ""geometry"": {""type"": ""LineString"", ""coordinates"": [[103.8512817, 1.18454333, 0, 1659129540], [103.87777, 1.19425333, 0, 1659130140], [103.90515, 1.20632833, 0, 1659130740]]}}]}",7/30/2022 4:19
666000001,"{""type"": ""FeatureCollection"", ""features"": [{""type"": ""Feature"", ""properties"": {}, ""geometry"": {""type"": ""LineString"", ""coordinates"": [[112.67206, -7.143015, 0, 1649371860], [131.8953217, 43.09491, 0, 1649376000], [112.671665, -7.14169167, 0, 1649378340]]}}]}",4/8/2022 5:51
666666661,"{""type"": ""FeatureCollection"", ""features"": [{""type"": ""Feature"", ""properties"": {}, ""geometry"": {""type"": ""LineString"", ""coordinates"": [[116.812925, -1.20174333, 0, 1665576600]]}}]}",10/12/2022 19:10
